-- Crear y usar la base de datos ejemplo_usuarios
CREATE DATABASE ejemplo_usuarios;
USE ejemplo_usuarios;

-- Creación de la tabla usuario
CREATE TABLE usuario (
  DNI VARCHAR(255),
  nombre VARCHAR(255) NOT NULL,
  email VARCHAR(255) NOT NULL,
  edad INT NOT NULL,
  ciudad VARCHAR(255) NOT NULL,
  CONSTRAINT PRIMARY KEY (DNI)
) ENGINE=INNODB;

-- Creación de la tabla hobby
CREATE TABLE hobby (
  codigo INT,
  nombre VARCHAR(255) NOT NULL,
  CONSTRAINT PRIMARY KEY (codigo)
) ENGINE=INNODB;

-- Creación de la tabla usuario_hobby
CREATE TABLE usuario_hobby (
  DNI_usuario VARCHAR(255),
  codigo_hobby INT,
  CONSTRAINT PRIMARY KEY (DNI_usuario, codigo_hobby),
  CONSTRAINT fk_usuario_hobby_usuario FOREIGN KEY (DNI_usuario) REFERENCES usuario(DNI),
  CONSTRAINT fk_usuario_hobby_hobby FOREIGN KEY (codigo_hobby) REFERENCES hobby(codigo)
) ENGINE=INNODB;

-- Inserto datos en la tabla usuario
INSERT INTO usuario (DNI, nombre, email, edad, ciudad) VALUES
('U001','Juan Pérez','juanperez@example.com',30,'Madrid'),
('U002','María López','marialopez@example.com',25,'Barcelona'),
('U003','Carlos García','carlosg@example.com',35,'Sevilla'),
('U004','Laura Fernández','laura.fernandez@example.com',28,'Valencia'),
('U005','Diego Martínez','diego.martinez@example.com',40,'Bilbao'),
('U006','Ana Torres','ana.torres@example.com',22,'Zaragoza'),
('U007','Sergio Ramírez','sergio.ramirez@example.com',33,'Granada'),
('U008','Beatriz Gómez','beatriz.gomez@example.com',27,'Alicante'),
('U009','Roberto Díaz','roberto.diaz@example.com',45,'Córdoba'),
('U010','Elena Muñoz','elena.munoz@example.com',29,'Málaga'),
('U011','Pablo Ruiz','pablo.ruiz@example.com',31,'Valladolid'),
('U012','Lucía Navarro','lucia.navarro@example.com',26,'Murcia'),
('U013','Javier Moreno','javier.moreno@example.com',38,'Santander'),
('U014','Carmen Castillo','carmen.castillo@example.com',34,'Toledo'),
('U015','Álvaro Ortega','alvaro.ortega@example.com',24,'Salamanca'),
('U016','Patricia León','patricia.leon@example.com',32,'Oviedo'),
('U017','Miguel Santos','miguel.santos@example.com',41,'Burgos'),
('U018','Raquel Iglesias','raquel.iglesias@example.com',29,'Logroño'),
('U019','Andrés Molina','andres.molina@example.com',36,'Almería'),
('U020','Natalia Romero','natalia.romero@example.com',27,'Cádiz'),
('U021','Hugo Castro','hugo.castro@example.com',28,'León'),
('U022','Irene Delgado','irene.delgado@example.com',30,'Girona'),
('U023','Daniel Vega','daniel.vega@example.com',37,'Tarragona'),
('U024','Marta Ríos','marta.rios@example.com',23,'Huelva'),
('U025','Iván Herrera','ivan.herrera@example.com',39,'Lugo'),
('U026','Silvia Campos','silvia.campos@example.com',28,'Ourense'),
('U027','Adrián Flores','adrian.flores@example.com',34,'Badajoz'),
('U028','Noelia Vidal','noelia.vidal@example.com',26,'Castellón'),
('U029','Rubén Prieto','ruben.prieto@example.com',42,'Segovia'),
('U030','Claudia Méndez','claudia.mendez@example.com',31,'Ávila'),
('U031','Fernando Lozano','fernando.lozano@example.com',44,'Jaén'),
('U032','Alicia Peña','alicia.pena@example.com',27,'Cuenca'),
('U033','Tomás Aguilar','tomas.aguilar@example.com',33,'Palencia'),
('U034','Cristina Soto','cristina.soto@example.com',29,'Teruel'),
('U035','Óscar Marín','oscar.marin@example.com',35,'Ciudad Real'),
('U036','Eva Calvo','eva.calvo@example.com',24,'Soria'),
('U037','Guillermo Núñez','guillermo.nunez@example.com',40,'Pontevedra'),
('U038','Lorena Pardo','lorena.pardo@example.com',28,'Zamora'),
('U039','Samuel Cortés','samuel.cortes@example.com',36,'Albacete'),
('U040','Verónica Gil','veronica.gil@example.com',30,'Guadalajara'),
('U041','Raúl Esteban','raul.esteban@example.com',41,'Huesca'),
('U042','Inés Bravo','ines.bravo@example.com',25,'La Coruña'),
('U043','Mario Luna','mario.luna@example.com',32,'Ceuta'),
('U044','Paula Iglesias','paula.iglesias@example.com',27,'Melilla'),
('U045','Alberto Reyes','alberto.reyes@example.com',38,'San Sebastián'),
('U046','Sara Molina','sara.molina@example.com',29,'Pamplona'),
('U047','David Cabrera','david.cabrera@example.com',34,'Elche'),
('U048','Nerea Fuentes','nerea.fuentes@example.com',26,'Gijón'),
('U049','Joel Santana','joel.santana@example.com',37,'Marbella'),
('U050','Lidia Herrera','lidia.herrera@example.com',31,'Cartagena');

-- Inserto datos en la tabla hobby
INSERT INTO hobby (codigo, nombre) VALUES
(1,'pesca'),
(2,'escalar'),
(3,'caminar'),
(4,'fotografía'),
(5,'viajar'),
(6,'pintura'),
(7,'fútbol'),
(8,'videojuegos'),
(9,'cine'),
(10,'yoga'),
(11,'lectura'),
(12,'baile'),
(13,'ajedrez'),
(14,'running'),
(15,'cocina'),
(16,'dibujo'),
(17,'programación'),
(18,'series'),
(19,'música'),
(20,'guitarra'),
(21,'senderismo'),
(22,'teatro'),
(23,'natación'),
(24,'ciclismo'),
(25,'tenis'),
(26,'surf'),
(27,'montañismo'),
(28,'historia'),
(29,'montaña'),
(30,'golf');

-- Inserto datos en la tabla usuario_hobby
INSERT INTO usuario_hobby (DNI_usuario, codigo_hobby) VALUES
('U001',1),('U001',2),('U001',3),
('U002',4),('U002',5),('U002',6),
('U003',7),('U003',8),('U003',9),
('U004',10),('U004',11),('U004',12),
('U005',13),('U005',14),('U005',15),
('U006',16),('U006',17),('U006',18),
('U007',19),('U007',20),('U007',21),
('U008',22),('U008',23),('U008',4),
('U009',24),('U009',11),('U009',5),
('U010',15),('U010',10),('U010',8),
('U011',25),('U011',11),('U011',9),
('U012',12),('U012',5),('U012',4),
('U013',26),('U013',21),('U013',19),
('U014',11),('U014',10),('U014',15),
('U015',17),('U015',8),('U015',13),
('U016',14),('U016',23),('U016',5),
('U017',24),('U017',4),('U017',1),
('U018',6),('U018',11),('U018',18),
('U019',7),('U019',15),('U019',21),
('U020',22),('U020',19),('U020',5),
('U021',27),('U021',11),('U021',9),
('U022',4),('U022',10),('U022',5),
('U023',14),('U023',8),('U023',15),
('U024',12),('U024',6),('U024',18),
('U025',1),('U025',21),('U025',13),
('U026',23),('U026',11),('U026',19),
('U027',24),('U027',9),('U027',5),
('U028',10),('U028',4),('U028',15),
('U029',28),('U029',11),('U029',21),
('U030',22),('U030',12),('U030',19),
('U031',7),('U031',24),('U031',15),
('U032',6),('U032',11),('U032',10),
('U033',14),('U033',9),('U033',13),
('U034',4),('U034',5),('U034',18),
('U035',8),('U035',19),('U035',7),
('U036',11),('U036',21),('U036',12),
('U037',1),('U037',15),('U037',9),
('U038',23),('U038',10),('U038',5),
('U039',24),('U039',11),('U039',19),
('U040',22),('U040',4),('U040',18),
('U041',29),('U041',13),('U041',9),
('U042',6),('U042',19),('U042',5),
('U043',7),('U043',14),('U043',8),
('U044',11),('U044',10),('U044',4),
('U045',26),('U045',15),('U045',9),
('U046',21),('U046',12),('U046',18),
('U047',24),('U047',19),('U047',11),
('U048',23),('U048',5),('U048',4),
('U049',30),('U049',15),('U049',9),
('U050',22),('U050',6),('U050',10);